{
  "rmse": 0.6961976550635003,
  "mape": 0.22394896917490395
}