rating,count,percent
0.5,566306,1.6738687879302538
1.0,1013645,2.9960988008983875
1.5,562409,1.662350162546514
2.0,2146492,6.3445309820874
2.5,1760733,5.204317122860785
3.0,6400664,18.918873703666943
3.5,4465001,13.197504197337434
4.0,8835955,26.117027342207688
4.5,3123055,9.231024017915262
5.0,4957902,14.654404882549333
